Трубкозуб,1
абиссинский,1
Пингвин Адели,1
аффенпинчер,1
Афганская борзая,1
Африканский слон,1
Африканская циветта,1
Африканская когтистая лягушка,1
Африканский лесной слон,1
Африканская пальмовая циветта,1
Африканский пингвин,1
Африканская древесная жаба,1
Африканская дикая собака,1
Айнская собака,1
Эрдельтерьер,1
Акбаш,1
Акита,1
Аляскинский маламут,1
Альбатрос,1
Гигантская черепаха Альдабры,1
Аллигатор,1
Альпака,1
Альпийская такса,1
Дельфин реки Амазонки Розовый дельфин,1
Американский эльзасский,1
Американский бульдог,1
Американский кокер-спаниель,1
Американский кунхаунд,1
Американская эскимосская собака,1
Американский фоксхаунд,1
Американский питбультерьер,1
Американский стаффордширский терьер,1
Американский водяной спаниель,1
амурский леопард,1
Анатолийская овчарка,1
Анчоусы,1
Рыба-ангел,1
Муравей,1
Муравьед,1
антилопа,1
Аппенцеллер Собака,1
Арапайма,1
Арктическая лиса,1
Арктический заяц,1
Арктический волк,1
Броненосец,1
Азиатский слон,1
Азиатский гигантский шершень,1
Азиатская пальмовая циветта,1
Азиатский черный медведь,1
Зубры,1
Австралийская пастушья собака,1
Австралийская собака келпи,1
Австралийский туман,1
Австралийская овчарка,1
Австралийский терьер,1
авоцет,1
Аксолотль,1
Да Да,1
Бабуин,1
Двугорбый верблюд,1
барсук,1
Байджи,1
балийский,1
Полосатая пальмовая циветта,1
Бандикут,1
Барб,1
Сипуха,1
Барнакл,1
Барракуда,1
Рыба Баррамунди,1
Басенджи собака,1
Китовая акула,1
Бассет Фов де Бретань,1
Бассет-хаунд,1
Летучая мышь,1
Баварская горная гончая,1
бигль,1
Медведь,1
Бородатый колли,1
Бородатый дракон,1
бобер,1
Бедлингтон-терьер,1
Жук,1
Белуга Осетр,1
Бенгальский тигр,1
Бернский зенненхунд,1
Бичир,1
бишон фризе,1
Бивер-терьер,1
Бинтуронг,1
Птица,1
Птицы рая,1
Бирман,1
Бизон,1
Черный марлин,1
Черный носорог,1
Черный русский терьер,1
Черная вдова Паук,1
рыба-капля,1
Бладхаунд,1
Голубая сойка,1
Голубая кружевная собака,1
Синий кит,1
голубая кунхаунд,1
Бобкэт,1
Болонская собака,1
Бомбей,1
Бонго,1
Бонито Рыба,1
Бонобо,1
олуша,1
Бордер-колли,1
Бордер-терьер,1
Борнейский орангутанг,1
Борнео слон,1
Бостон-терьер: полное руководство по питомцам,1
Бутылконосый Дельфин,1
Боуфин,1
Гренландский кит,1
Боксер собака,1
Бойкин-спаниель,1
Бразильский терьер,1
Британская древесина,1
Бурый медведь,1
Волнистый попугай,1
Баффало,1
Бычья акула,1
Бультерьер,1
Бульдог,1
лягушка-бык,1
бульмастиф,1
шмель,1
бирманский,1
роющая лягушка,1
Бабочка,1
Рыба-бабочка,1
Кайман,1
кайман ящерица,1
Керн-терьер,1
Верблюд,1
Верблюжий паук,1
Ханаанская собака,1
Канадская эскимосская собака,1
Водосвинка,1
Каракал,1
Каролина Дог,1
Карп,1
Казуар,1
Кот,1
Гусеница,1
Сом,1
Кавалер-кинг-чарльз-спаниель,1
Сороконожка,1
Чески Фоусек,1
хамелеон,1
Серна,1
Гепард,1
Чесапик-бей-ретривер,1
Курица,1
Чихуахуа,1
Химера,1
Шимпанзе,1
Шиншилла,1
Китайская хохлатая собака,1
Чинук,1
Подбородочный пингвин,1
Бурундук,1
Чау-чау,1
цихлида,1
Дымчатый леопард,1
рыба-клоун,1
Кламбер-спаниель,1
Коати,1
Какаду,1
Таракан,1
Целакант,1
Ошейниковый пекари,1
Колли,1
Колоссальный кальмар,1
Обыкновенный канюк,1
Обыкновенная лягушка,1
Обыкновенный гагар,1
Обыкновенная жаба,1
Ястреб Купера,1
коралловый,1
Хлопковый топ Tamarin,1
Пума,1
Корова,1
Койот,1
Краб,1
Макак-крабоед,1
кран,1
Хохлатый пингвин,1
Крокодил,1
Кросс-Ривер Горилла,1
Курчавошерстный ретривер,1
Кускус,1
Каракатица,1
Такса,1
далматинец,1
Лягушка Дарвина,1
Олень,1
Пустынная черепаха,1
Немецкий брак,1
Доул,1
Динго,1
Дискус,1
Доберман-пинчер,1
Додо,1
Собака,1
Аргентинский дог,1
Бордоский дог,1
Дельфин,1
осел,1
Соня,1
Рыба-дракон,1
Стрекоза,1
Древер,1
Барабанная рыба,1
Утка,1
дюгони,1
Дункер,1
Темный дельфин,1
Карликовый крокодил,1
Орел,1
Уховертка,1
Восточная горилла,1
Горилла Восточной низменности,1
Ехидна,1
Съедобная лягушка,1
Угорь,1
Египетский Мау,1
Электрический угорь,1
Слон,1
Морской слон,1
Слоновая землеройка,1
Императорский пингвин,1
Император Тамарин,1
Эму,1
Английский кокер-спаниель,1
английская овчарка,1
Английский спрингер-спаниель,1
Энтлебухер зенненхунд,1
Эпаньель Пон Одемер,1
Горностай,1
Эскимосская собака,1
Эстрела зенненхунд,1
Сокол,1
Ложный косатка,1
Клыкозуб,1
Фенек,1
Хорек,1
Филд-спаниель,1
Плавник кита,1
Финский шпиц,1
Огнебрюхая жаба,1
Рыба,1
Кошка-рыболов,1
Фламинго,1
Плоскошерстный ретривер,1
Камбала,1
Fluke Fish летняя камбала,1
Летать,1
Белка-летяга,1
Фосса,1
Лиса,1
Фокстерьер,1
Французский бульдог,1
Фрегат,1
Плащеносная ящерица,1
Плащеносная акула,1
Лягушка,1
Морской котик,1
Галапагосский пингвин,1
Галапагосская черепаха,1
Гар,1
геккон,1
Генту Пингвин,1
Жоффруа Тамарин,1
Песчанка,1
немецкий пинчер,1
Руководство по немецкой овчарке,1
Гариал,1
Гигантская африканская наземная улитка,1
Гигантский моллюск,1
Гигантская панда,1
Ризеншнауцер,1
Гиббон,1
Ядозуб монстр,1
Жирафа,1
Стеклянная ящерица,1
Светящийся червь,1
Козел,1
Акула-гоблин,1
Золотой лев Тамарин,1
Золотая сова в маске,1
Золотая иволга,1
Полное руководство по питомцам золотистого ретривера,1
Летучая лисица с золотой короной,1
Гусь,1
суслик,1
Горилла,1
Кузнечик,1
Немецкий дог,1
Великие Пиренеи,1
Большая белая акула,1
Большой швейцарский зенненхунд,1
Зеленый анол,1
Зеленый пчелоед,1
Гренландская собака,1
Серый мышиный лемур,1
Серая рифовая акула,1
Серый тюлень,1
борзая,1
Медведь гризли,1
Тетерев,1
"Гвинейская птица, цесарка",1
Морская свинка,1
гуппи,1
миксина,1
Акула-молот,1
Хомяк,1
заяц,1
Гарпия Орел,1
Лунь,1
Гаванский,1
Гавайская ворона,1
Ежик,1
Жук Геркулес,1
Рак-Отшельник,1
Цапля,1
сельдь,1
Крупный рогатый скот Хайленд,1
гималайский,1
Бегемот,1
Медовый барсук,1
Пчела,1
Удод,1
Роговая акула,1
птица-носорог,1
Рогатая лягушка,1
Лошадь,1
Подковообразный краб,1
Ревун,1
Человек,1
Пингвин Гумбольдта,1
Колибри,1
Горбатый кит,1
Гиена,1
Ибис,1
Ивисская гончая,1
Игуана,1
Бессмертная медуза,1
Импала,1
Индийский слон,1
Индийская пальмовая белка,1
Индийский носорог,1
Индийская звездчатая черепаха,1
Индокитайский тигр,1
Индри,1
Насекомые,1
Полное руководство по питомцам ирландского сеттера,1
Ирландский волкодав,1
Итальянская борзая,1
Джек Рассел,1
Шакал,1
Ягуар,1
японский хин,1
Японская макака,1
яванский носорог,1
яванский,1
Медуза,1
Тушканчик,1
Какапо,1
Кенгуру,1
Киленосый тукан,1
Кеесхонд,1
косатка,1
Королевская кобра,1
Король Краб,1
Королевский пингвин,1
Зимородок,1
киви,1
Коала,1
Дракон Комодо,1
криль,1
Куду,1
лабрадудель,1
Лабрадор ретривер,1
Божья коровка,1
Минога,1
Листохвостый геккон,1
лемминг,1
Лемур,1
Леопард,1
Леопардовый кот,1
Морской леопард,1
Леопардовая черепаха,1
Лигер,1
Лев,1
Крылатка,1
Маленький пингвин,1
Ящерица,1
лама,1
Омар,1
Ушастая сова,1
двоякодышащая рыба,1
Рысь,1
Макароны Пингвин,1
Ара,1
Магелланов пингвин,1
сорока,1
мейн-кун,1
малайская циветта,1
Малайский тигр,1
Мальтийский,1
Млекопитающие,1
Ламантин,1
Мандрил,1
Гривистый волк,1
Манта Рэй,1
Морская жаба,1
Мархур,1
сурок,1
Болотная лягушка,1
Маскированная пальмовая циветта,1
Дог,1
Подёнка,1
Сурикат,1
Мегалодон,1
Мексиканская свободнохвостая летучая мышь,1
Молочная рыба,1
Многоножка,1
норка,1
Малый полосатик,1
Крот,1
Молли,1
Бабочка монарх,1
Мангуста,1
Дворняга,1
Ящерица-варан,1
Обезьяна,1
морской черт,1
Монте Иберия Элеут,1
камышница,1
лось,1
мурена угорь,1
мотылек,1
Горная горилла,1
Горный лев,1
мышь,1
Мул,1
Ондатра,1
Нарвал,1
неандерталец,1
Неаполитанский мастиф,1
Ньюфаундленд,1
Тритон,1
Соловей,1
Норфолк Терьер,1
Североамериканский черный медведь,1
Северная инуитская собака,1
Норвежский лес,1
Намбат,1
Медсестра Акула,1
Оцелот,1
Осьминог,1
Окапи,1
Староанглийская овчарка,1
Олм,1
Опоссум,1
Орангутан,1
Страус,1
Выдра,1
устрица,1
Веслонос,1
Падемелон,1
Ящер,1
Пантера,1
Попугай,1
Патас Обезьяна,1
павлин,1
пекинес,1
Пеликан,1
Пингвин,1
Пере Давидс Олень,1
Сапсан,1
персидский,1
Малый бассет-гриффон вандейский,1
Фазан,1
Пегий тамарин,1
свинья,1
Пика,1
Щука,1
Розовый сказочный броненосец,1
Пираньи,1
Утконос,1
Указатель,1
Древолазы,1
Полярный медведь,1
пруд конькобежец,1
Пудель,1
Бассейн Лягушка,1
Дикобраз,1
Морская свинья,1
Креветки,1
Хоботная обезьяна,1
Рыба фугу,1
тупик,1
Мопс,1
пума,1
Фиолетовая императорская бабочка,1
Кошачья моль,1
Карликовый бегемот,1
Карликовая мартышка,1
Перепел,1
Кецаль,1
квокка,1
Куолл,1
Кролик,1
Енот,1
Енотовидная собака,1
Радиационная черепаха,1
Тряпичная кукла,1
Крыса,1
гремучая змея,1
Красный зяблик,1
Рыжая лиса,1
Красный коленный тарантул,1
Красная панда,1
красный волк,1
Тамарин с поличным,1
Северный олень,1
Носорог,1
Речная черепаха,1
Робин,1
Рок Дайракс,1
морской окунь,1
Рокхоппер Пингвин,1
Розовая колпица,1
Ротвейлер,1
Русская голубая,1
Саарлосская волчья собака,1
Саблезубый тигр,1
Соболь,1
Сайгак,1
Сенбернар,1
Саламандра,1
Лосось,1
самоед,1
песчаная ящерица,1
Саола,1
Сардины,1
рыба-пила,1
Саблезубый орикс,1
Скорпион,1
Рыба-скорпион,1
Морской дракон,1
Морской лев,1
Морская выдра,1
Морская улитка,1
морской брызги,1
Морская черепаха,1
Морской еж,1
морской конек,1
Тюлень,1
Сервал,1
Акула,1
Овца,1
Шиба-ину,1
Ши-тцу,1
Креветка,1
сиамский,1
Сиамская бойцовская рыба,1
Сибирский,1
Сибирский хаски,1
Сибирский тигр,1
Серебряный доллар,1
Скейт-рыба,1
скунс,1
Лень,1
Медленный червь,1
Улитка,1
Змея,1
Щелкающая черепаха,1
Снегоступы,1
Снежная Сова,1
сомалийский,1
Южно-китайский тигр,1
лопатоногая жаба,1
Воробей,1
Очковый медведь,1
Кашалот,1
Обезьяна-паук,1
Колючая акула,1
Спикс ара,1
Губка,1
Кальмар,1
белка,1
Белка обезьяна,1
Шри-ланкийский слон,1
Стаффордширский бультерьер,1
Жук-олень,1
морская звезда,1
Стеллерова морская корова,1
Палка насекомых,1
морской скат,1
Полосатая ракетная лягушка,1
Осетр,1
Рыба-присоска,1
Сахарный планер,1
Суматранский слон,1
Суматранский орангутан,1
Суматранский носорог,1
Суматранский тигр,1
Солнечный Медведь,1
Суайская рыба,1
лебедь,1
Шведский вальхунд,1
Тамаскан,1
Тан,1
Тапанули Орангутан,1
Тапир,1
Тарпон,1
Долгопят,1
Тасманский дьявол,1
Рыжая сова,1
Тедди Рузвельт Терьер,1
Термит,1
Тетра,1
Тернистый дьявол,1
Тибетский мастиф,1
Тиффани,1
Тигр,1
Тигровая Саламандра,1
Тигровая акула,1
Черепаха,1
Тукан,1
Древесная лягушка,1
Тропикберд,1
Туатара,1
Турция,1
Турецкая ангора,1
Уакари,1
Угису,1
Зонтик,1
Утонаган,1
Летучая мышь вампир,1
Кальмар-вампир,1
Вакита,1
Верветка Обезьяна,1
Стервятник,1
Валлаби,1
судак рыба,1
Морж,1
Странствующий альбатрос,1
Бородавочник,1
Оса,1
Буйвол,1
Водный Дракон,1
водяная полевка,1
Ласка,1
Вельш-корги: полное руководство по домашним животным,1
Вест-хайленд-терьер,1
Западная горилла,1
Горилла западной низменности,1
уиппет,1
Белый носорог,1
белый тигр,1
Белолицый капуцин,1
Дикий кабан,1
гну,1
Волк,1
Волчий угорь,1
Волк Паук,1
волк,1
Росомаха,1
Вомбат,1
мокрица,1
Дятел,1
Шерстистый мамонт,1
Шерстистая обезьяна,1
губан,1
Вайомингская жаба,1
Рентген Тетра,1
Ксерус,1
як,1
Желтоглазый пингвин,1
Йоркширский терьер,1
Зебра,1
Зебровая акула,1
Зебу,1
Зонки,1
Зорс,1
диапазон,0
лучшее понимание,0
немного как,0
определенное количество,0
изменение,0
комбинация,0
функция,0
группа,0
высокая степень,0
высокий уровень,0
типа,0
большое количество,0
немного,0
мера,0
количество,0
ряд разных,0
чувство чего-либо,0
серии,0
небольшое количество,0
своего рода,0
разнообразие,0
очень важный,0
способ,0
способность,0
аномальный,0
нарушение,0
выше,0
отсутствие,0
отсутствующий,0
абсолютный,0
академический,0
принимать,0
приемлемый,0
принятие,0
доступ,0
доступный,0
в соответствии с,0
соответственно,0
счет,0
подотчетность,0
накапливаться,0
накопление,0
точность,0
точный,0
точно,0
достигать,0
достижение,0
сознавать,0
приобретать,0
приобретение,0
действовать,0
действие,0
активный,0
активно,0
активность,0
действительный,0
на самом деле,0
адаптировать,0
приспособление,0
адаптивный,0
добавлять,0
добавление,0
дополнительный,0
кроме того,0
адрес,0
адекватный,0
адекватно,0
регулировать,0
корректирование,0
Администрирование,0
администрация,0
административный,0
усыновить,0
взрослый,0
преимущество,0
оказывать воздействие,0
снова,0
возраст,0
повестка дня,0
агент,0
соглашение,0
сельскохозяйственный,0
цель,0
все виды,0
все в порядке,0
хорошо так,0
позволять,0
почти,0
уже,0
также,0
альтернативный,0
внесение изменений,0
альтернатива,0
альтернативно,0
хотя,0
среди,0
очень много,0
пример,0
идея,0
влияние на,0
важная роль в,0
неотъемлемая часть,0
понимание,0
и увеличение в,0
анализировать,0
анализ,0
аналитик,0
аналитический,0
И все остальное,0
И так далее,0
и тому подобные вещи,0
и вы можете увидеть это,0
ежегодный,0
отвечать,0
беспокойство,0
очевидный,0
появляться,0
по-видимому,0
применимый,0
приложение,0
применять,0
подход,0
соответствующий,0
соответствующим образом,0
примерно,0
приближение,0
основаны на,0
есть вопросы?,0
есть меньше шансов,0
область,0
Возможно,0
спорить,0
аргумент,0
возникнуть,0
договоренность,0
статья,0
в результате,0
в целом,0
следующее,0
как я сказал,0
как я говорю,0
как в,0
как в случае,0
как было,0
в отличие от,0
как часть,0
как показано в,0
относительно,0
как мы видели,0
как мы увидим,0
а также,0
как вы видете,0
Как вы знаете,0
как следствие,0
как форма,0
как средство,0
как источник,0
как способ,0
аспект,0
аспекты,0
утверждать,0
утверждение,0
оценивать,0
оценка,0
назначать,0
ассоциирован,0
связанный,0
ассоциация,0
Ассоциация между,0
предполагать,0
Предположим,0
предположение,0
в таком случае,0
в начале,0
в нижней части,0
в конце,0
за счет,0
в сердце,0
на уровне,0
в то же время,0
в верхней части,0
в этот момент,0
на данном этапе,0
атака,0
пытаться,0
внимание,0
отношение,0
атрибут,0
автор,0
власть,0
доступность,0
средний,0
избегать,0
осведомленный,0
осведомленность,0
Вернемся к этому,0
фон,0
баланс,0
барьер,0
база,0
основанный на,0
на основе предположения,0
базовый,0
по сути,0
основа,0
основа для,0
ожидать,0
смотреть на,0
быть из -за того,0
быть считается как,0
потому что,0
из-за,0
становиться,0
говорил о,0
начинать,0
начало,0
вести себя,0
поведение,0
вера,0
ниже,0
выгодный,0
бенефициар,0
выгода,0
между,0
вне,0
предвзятость,0
тело,0
Кратко,0
широкий,0
широко,0
груз,0
но на самом деле,0
по факту,0
посредством,0
к концу,0
кстати,0
вызов,0
может,0
может быть применен к,0
можно объяснить в терминах,0
можно найти в,0
можно увидеть как/in,0
можно использовать для,0
можно считаться как,0
может привести к,0
способный,0
емкость,0
Забота,0
случай,0
классифицировать,0
категория,0
причина,0
причинно -следственная связь,0
вызванный,0
центральный,0
централизовать,0
центр,0
век,0
определенный,0
уверенность,0
цепь,0
испытание,0
изменять,0
канал,0
характер,0
характеристика,0
Характеристики,0
характеризовать,0
был характеризован,0
выбор,0
выбирать,0
обстоятельство,0
цитировать,0
требовать,0
утверждают,0
сорт,0
Классик,0
классический,0
классификация,0
прозрачный,0
четко,0
климат,0
близко,0
код,0
столбец,0
комбинировать,0
Вернись к это,0
коммерческий,0
совершить,0
обязательство,0
общий,0
обычно,0
общаться,0
коммуникация,0
сообщество,0
сопоставимо,0
Сравнительная степень,0
сравнивать,0
по сравнению с/до,0
сравнение,0
конкурировать,0
соревнование,0
полностью,0
сложный,0
сложность,0
компонент,0
состав,0
всесторонний,0
включать,0
задуматься,0
концентрироваться,0
концепция,0
концептуальный,0
концептуализировать,0
обеспокоен,0
заключить,0
заключение,0
состояние,0
условное,0
руководить,0
подтверждать,0
конфликт,0
соединять,0
связь,0
Консенсус,0
согласие,0
последствие,0
следовательно,0
сохранение,0
консервативный,0
сохранить,0
учитывать,0
значительно,0
рассмотрение,0
считается,0
состоять,0
последовательность,0
последовательный,0
последовательно,0
постоянный,0
составляют,0
ограничивать,0
ограничение,0
конструкция,0
строительство,0
конструктивный,0
потреблять,0
потребление,0
контакт,0
содержать,0
современный,0
содержание,0
контекст,0
непрерывность,0
непрерывный,0
контраст,0
способствовать,0
вклад,0
контроль,0
общепринятый,0
обращение,0
конвертировать,0
сотрудничество,0
кооператив,0
координировать,0
координация,0
основной,0
правильный,0
коррекция,0
правильно,0
коррелирует,0
корреляция,0
вести переписку,0
соответствует,0
страна,0
курс,0
покрытие,0
создавать,0
создание,0
творческий,0
критерий,0
критический,0
критически,0
критиковать,0
ключевой,0
культурный,0
культурно,0
культура,0
кумулятивный,0
текущий,0
в настоящее время,0
цикл,0
данные,0
Данные на,0
иметь дело,0
дебаты,0
десятилетие,0
решение,0
отклонить,0
снижаться,0
определять,0
определение,0
степень,0
продемонстрировать,0
обозначать,0
отделение,0
зависеть,0
зависит от,0
зависимость,0
зависимый,0
вывести,0
полученный из,0
описывать,0
описание,0
описательный,0
дизайн,0
желательно,0
желание,0
разрушать,0
деталь,0
подробный,0
детерминант,0
определяется,0
развивать,0
развитый,0
разработка,0
отклонение,0
устройство,0
диаграмма,0
отличается,0
разница,0
разница в,0
другой,0
отличается от,0
разные типы,0
дифференцировать,0
дифференциация,0
иначе,0
трудный,0
цифровой,0
измерение,0
прямой,0
направление,0
напрямую,0
недостаток,0
дисциплина,0
обнаружить,0
дискриминация,0
обсуждать,0
дискуссия,0
расстояние,0
отчетливый,0
различие,0
отличительный,0
различать,0
распределять,0
распределение,0
разнообразный,0
разделять,0
разделение,0
документ,0
не кажется,0
домен,0
доминирование,0
доминирующий,0
доминировать,0
донор,0
рисовать,0
должный,0
продолжительность,0
в течение,0
долг,0
динамика,0
рано,0
легко,0
экологический,0
экономический,0
экономически,0
образование,0
образовательный,0
эффект,0
эффективная,0
эффективно,0
эффективность,0
эффективный,0
усилие,0
элемент,0
элементы,0
поднять,0
устранять,0
в другом месте,0
появление,0
эмоциональный,0
акцент,0
подчеркивать,0
эмпирический,0
эмпирически,0
расширение возможностей,0
давать возможность,0
кодировать,0
сталкиваться,0
поощрять,0
конец,0
энергия,0
привлекать,0
усиливать,0
гарантировать,0
входить,0
сущность,0
вход,0
среда,0
относящийся к окружающей среде,0
равный,0
в равной степени,0
эквивалентность,0
эквивалент,0
ошибка,0
особенно,0
существенный,0
учреждать,0
учреждение,0
и другие,0
и так далее и так далее,0
этика,0
этичный,0
этнический,0
этническая принадлежность,0
даже в отсутствие любого,0
событие,0
доказательство,0
свидетельство/что/для,0
эволюция,0
эволюционный,0
эволюционировать,0
экзамен,0
исследовать,0
превосходить,0
исключение,0
избыток,0
излишний,0
обмен,0
исключать,0
эксклюзивный,0
исключительно,0
иллюстрирует,0
упражнение,0
существовать,0
существование,0
расширять,0
расширение,0
ожидание,0
опыт,0
эксперимент,0
экспериментальный,0
эксперт,0
объяснять,0
объяснение,0
пояснительный,0
явный,0
явно,0
эксплойт,0
эксплуатация,0
исследование,0
разоблачать,0
выражать,0
выражение,0
продлевать,0
обширный,0
внешний,0
крайний,0
очень сильно,0
средство,0
факт,0
фактор,0
неудача,0
отказ,0
весьма,0
привычный,0
известный,0
услуга,0
благоприятный,0
особенность,0
особенности,0
федеральный,0
женский,0
поле,0
финал,0
окончательно,0
Финансовый,0
находить,0
нахождение,0
прежде всего,0
Гибкость,0
гибкий,0
поток,0
фокус,0
сосредоточиться на,0
следующий,0
надолго,0
По ряду причин,0
например,0
на момент,0
Для целей,0
Для тех из вас,0
сила,0
иностранный,0
форма,0
формальный,0
формация,0
формула,0
сформулировать,0
формулировка,0
Обнаружил,0
рамки,0
бесплатно,0
частый,0
часто,0
с точки зрения,0
в полной мере,0
функциональный,0
фонд,0
фундаментальный,0
в корне,0
финансирование,0
дальше,0
более того,0
будущее,0
прирост,0
зазор,0
пол,0
обобщение,0
обобщать,0
генерировать,0
поколение,0
географический,0
привести к,0
данный,0
Глобальный,0
вернуться к это,0
перейти к,0
собираюсь говорить о,0
собираюсь привести вам пример,0
собираюсь войти в,0
собираюсь пройти через,0
собираюсь взглянуть на,0
собираюсь сказать,0
собираюсь показать вам,0
собираюсь поговорить о,0
собираюсь прийти в,0
управляющий,0
правительство,0
больше чем,0
расти,0
рост,0
руководство,0
Рекламный проспект,0
случаться,0
вред,0
вредный,0
оказывать значительное влияние на,0
показали это,0
должен смотреть на,0
он или она,0
держал это,0
здесь,0
Здесь у нас есть,0
иерархический,0
иерархия,0
высокий,0
Высокий уровень,0
выше чем,0
выделять,0
высоко,0
его или ее,0
исторически,0
история,0
с надеждой,0
горизонтальный,0
однако,0
огромный,0
человек,0
гипотеза,0
гипотетический,0
я всего-лишь хочу,0
Я полагаю,0
я думаю что,0
Я хочу сказать,0
Я собирался,0
Я говорил о,0
Я хотел бы,0
я бы сказал,0
идеал,0
Идеально,0
идентичный,0
идентификация,0
идентифицировать,0
личность,0
если и только если,0
если хочешь,0
если ты помнишь,0
Если вы думаете о это,0
Если вы подумаете об этом,0
Если я смотрю на,0
иллюстрировать,0
изображение,0
немедленный,0
влияние,0
осуществлять,0
выполнение,0
скрытый,0
неявно,0
подразумевать,0
значение,0
важный,0
важно,0
навязывать,0
улучшать,0
улучшение,0
в минуту,0
во многих отношениях,0
в некотором смысле,0
разнообразными способами,0
таким образом,0
в отличие,0
фактически,0
перед тобой,0
в общем,0
почти так же как,0
для тогобы,0
другими словами,0
частично,0
в частности,0
обсуждаемый,0
в последние годы,0
в связи с,0
в отношении,0
в ответ на,0
поскольку,0
в некоторых случаях,0
каким-то образом,0
В неком роде,0
Несмотря на тот факт,0
в области,0
в случае,0
в первую очередь,0
в виде,0
в будущем,0
в свете,0
в литературе,0
в следующем разделе,0
в прошлом,0
в присутствии,0
в предыдущем разделе,0
в процессе,0
в диапазоне,0
так же,0
точно так же как,0
в смысле,0
в том смысле,0
В исследовании,0
в изучении,0
таким образомбы,0
в этом случае,0
в этой главе,0
В этом курсе,0
в этом исследовании,0
таким образом,0
В этом/этом случае,0
в этом,0
по очереди,0
в широкий разнообразие,0
широкий диапазон,0
в контексте,0
в развитие,0
в контексте,0
неспособность,0
неадекватный,0
неприличный,0
включая,0
включение,0
непоследовательный,0
включить,0
увеличивать,0
увеличение количества,0
все чаще,0
действительно,0
Независимость,0
независимый,0
независимо,0
индекс,0
указывать,0
указывает на то,0
Индикация,0
индикатор,0
косвенный,0
косвенно,0
индивидуальный,0
индивидуально,0
придумать,0
индукция,0
неравенство,0
вывод,0
поставить в известность,0
информация,0
информирован,0
присущий,0
исходный,0
изначально,0
инициировать,0
инициация,0
инициатива,0
нестабильность,0
инструкция,0
инструмент,0
недостаточный,0
интеграл,0
интегрировать,0
интегрированный,0
интеграция,0
намереваться,0
интенсивность,0
интенсивный,0
намерение,0
взаимодействовать,0
взаимодействие,0
интерактивный,0
интерес,0
заинтересован,0
увлекающийся,0
интересный,0
изолирован,0
изоляция,0
проблема,0
видно,0
можно показать,0
можно утверждать,0
Утверждалось,0
было показано,0
было высказано предположение,0
ясно,0
это сложно для,0
Трудно увидеть,0
легко увидеть,0
Справедливо сказать,0
Именно по этой причине,0
Это важно,0
Важно отметить,0
важно понимать,0
Важно распознать,0
Важно помнить,0
важно понимать,0
невозможно,0
Интересно отметить,0
вполне вероятно что,0
необходимо,0
не ясно,0
неудивительно,0
разумно предположить,0
это полезно для,0
Стоит отметить,0
это может быть,0
возможно,0
мне кажется,0
Необходимо отметить,0
журнал,0
суждение,0
Просто собираюсь,0
просто чтобы напомнить тебе,0
оправдание,0
оправдывать,0
ключ,0
добрый,0
виды,0
знание,0
этикетка,0
язык,0
большой,0
во многом,0
позже,0
последний,0
закон,0
вести,0
лидерство,0
лидер,0
учиться,0
обучение,0
лекция,0
лектор,0
юридический,0
юридически,0
меньше,0
"меньше, чем",0
Позвольте мне просто,0
уровень,0
лежит в основе,0
так,0
вероятный,0
предел,0
ограниченное,0
линия,0
Связано с,0
список,0
литература,0
местный,0
локализованный,0
локально,0
располагается,0
расположение,0
логика,0
логичный,0
смотреть,0
посмотри на это,0
потеря,0
(много и) много,0
низкий,0
ниже чем,0
поддерживать,0
главный,0
большинство,0
мужской,0
много,0
многие из вас,0
допуск,0
материал,0
иметь значение,0
максимизировать,0
максимум,0
может быть связан с,0
может или не может,0
вполне может быть,0
значимый,0
означает,0
механизм,0
СМИ,0
посредник,0
медицинский,0
середина,0
член,0
Память,0
мужчина и женщина,0
психиатрический,0
упомянуть,0
метод,0
методологический,0
Методология,0
мощь,0
мигрировать,0
миграция,0
минимальный,0
минимизировать,0
минимум,0
незначительный,0
меньшинство,0
смешивание,0
мобильный,0
мобильность,0
мобилизовать,0
режим,0
модель,0
моделирование,0
современность,0
модернизация,0
модифицировать,0
модуль,0
мгновенный,0
монитор,0
все больше и больше,0
с большей вероятностью,0
более или менее,0
"больше, чем",0
Большинство из вас,0
мотивировать,0
мотивация,0
двигаться,0
движение,0
несколько,0
должен,0
а именно,0
национальный,0
естественный,0
естественно,0
природа,0
обязательно,0
необходимый,0
необходимость,0
нуждаться,0
отрицательный,0
негативно,0
сеть,0
нейтральный,0
тем не менее,0
новый,0
норма,0
нормальный,0
не обязательно,0
(не только но также,0
примечание,0
ничего общего с,0
понятие,0
роман,0
число,0
объект,0
наблюдение,0
наблюдать,0
наблюдается в,0
наблюдатель,0
получать,0
очевидно,0
занятие,0
занимать,0
происходить,0
вхождение,0
конечно,0
какого -то рода,0
от общего,0
этой главы,0
этого исследования,0
предложение,0
хорошо,0
ОК,0
Итак,0
на основе,0
на борту,0
с одной стороны,0
с другой стороны,0
со стороны,0
один из ключей,0
один из многих,0
одна из причин,0
одна из вещей,0
один из наиболее важных,0
один или несколько,0
В сети,0
работать,0
операция,0
оперативно,0
возможность,0
оптимальный,0
вариант,0
или что-то вроде того,0
или что -то еще,0
заказ,0
обычный,0
организация,0
организовать,0
Восточный,0
ориентация,0
источник,0
оригинал,0
первоначально,0
Изовать,0
в противном случае,0
Наше понимание,0
исход,0
контур,0
выход,0
через некоторое время,0
(в течение периода времени,0
перекрывать,0
Обзор,0
параллель,0
часть,0
Участник,0
участвовать,0
участие,0
особый,0
шаблон,0
перемещение,0
процент,0
воспринимать,0
восприятие,0
в совершенстве,0
выполнять,0
производительность,0
период,0
период времени,0
разрешать,0
личный,0
перспектива,0
фаза,0
явление,0
физический,0
картина,0
играть ключевую роль в,0
играть в роли в,0
Играть важную роль,0
точка,0
политика,0
популярный,0
Население,0
поза,0
позиция,0
положительный,0
положительно,0
возможный,0
потенциал,0
потенциально,0
бедность,0
мощный,0
практичный,0
упражняться,0
практикующий,0
предшествовать,0
именно так,0
предсказывать,0
прогноз,0
преимущественно,0
предпочитать,0
предпочтение,0
присутствие,0
подарок,0
презентация,0
давление,0
предотвращать,0
профилактика,0
предыдущий,0
ранее,0
начальный,0
принцип,0
прежний,0
до,0
приоритет,0
частный,0
вероятность,0
проблематично,0
процедурный,0
процедура,0
процесс,0
производить,0
продукт,0
производство,0
Продуктивный,0
профессионал,0
профиль,0
программа,0
прогресс,0
прогрессирование,0
Прогрессивный,0
проект,0
проекция,0
продвигать,0
повышение,0
пропорциональный,0
предложить,0
защищать,0
защита,0
протокол,0
предоставлять,0
психологический,0
публичный,0
публиковать,0
чистый,0
качественный,0
качество,0
количественно,0
количественный,0
вопрос,0
быстро,0
(довольно много),0
раса,0
случайный,0
рандомизировать,0
случайно,0
стремительный,0
ставка,0
скорее,0
"скорее, чем",0
рейтинг,0
соотношение,0
рациональный,0
обоснование,0
рациональность,0
реагировать,0
реакция,0
читать,0
чтение,0
настоящий,0
реальность,0
разумный,0
разумно,0
рассуждение,0
причины для,0
недавний,0
недавно,0
признание,0
распознавать,0
рекомендовать,0
реконструировать,0
Реконструкция,0
записывать,0
запись,0
восстановление,0
уменьшать,0
снижение,0
сокращение количества,0
ссылаться,0
относится к,0
ссылка,0
отражать,0
отражение,0
невзирая на,0
региональный,0
регулирование,0
подкреплять,0
отклонять,0
иметь отношение к,0
относящийся к,0
родственник,0
выпускать,0
актуальность,0
надежность,0
надежный,0
оправданность,0
полагаться,0
удаление,0
удалять,0
заменять,0
замена,0
отчет,0
составление отчетов,0
представлять,0
представление,0
представитель,0
требование,0
исследования по,0
Исследователь,0
житель,0
сопротивление,0
устойчивый,0
разрешение,0
решать,0
ресурс,0
уважать,0
ответ,0
ответственность,0
ответственный,0
ответственный за,0
ограничительный,0
результат,0
результат (ы) в,0
раскрывать,0
обзор,0
верно,0
справа так,0
риск,0
роль,0
корень,0
грубо,0
правило,0
деревенский,0
безопасность,0
такой же,0
образец,0
выборка,0
удовлетворение,0
удовлетворять,0
шкала,0
сценарий,0
схема,0
наука,0
научный,0
объем,0
второй,0
второстепенный,0
во-вторых,0
раздел,0
сектор,0
смотрите также,0
искать,0
кажется,0
сегмент,0
выборочный,0
семинар,0
смысл,0
чувствительный,0
сенсорный,0
отдельный,0
в отдельности,0
ряд,0
сессия,0
набор,0
секс,0
сексуальный,0
сексуальность,0
делиться,0
лист,0
сдвиг,0
показывать,0
показывает,0
знак,0
значительный,0
существенно,0
похожий,0
Похоже на (это),0
сходство,0
сходным образом,0
простой,0
упрощать,0
просто,0
одновременный,0
одновременно,0
одинокий,0
сайт,0
ситуация,0
размер,0
навык,0
горка,0
маленький,0
с тем чтобы,0
так что,0
"Итак, у нас есть",0
так что вы можете увидеть,0
"Итак, вы получаете",0
например,0
другими словами,0
так называемые,0
Социальное,0
социально,0
Социальный,0
общество,0
программное обеспечение,0
наподобие,0
что-то подобное,0
как-то,0
что-то вроде,0
что -то связано с,0
иногда,0
Сортировать,0
космос,0
пространственный,0
специалист,0
специализирован,0
специфический,0
конкретно,0
